{
  "checkpoint": "checkpoints\\finetune_rv_2ch_2026-05-14_23-47-53\\best_model.pth",
  "in_channels": 2,
  "seg_dir": "data/rv_landmark/test_seg_multi",
  "use_tta": true,
  "n_slices": 645,
  "mean_mre": 18.875545501708984,
  "std_mre": 11.799952507019043,
  "p50_mre": 19.48584747314453,
  "p90_mre": 31.7563533782959,
  "max_mre": 63.884033203125,
  "sdr_2": 0.05116279069767442,
  "sdr_3": 0.11162790697674418,
  "sdr_5": 0.17054263565891473,
  "sdr_10": 0.262015503875969,
  "per_landmark": {
    "lm1": {
      "mean": 25.013315200805664,
      "std": 21.41049575805664,
      "p50": 23.30706214904785,
      "p90": 48.66886520385742,
      "max": 105.74738311767578,
      "sdr_2": 0.10232558139534884,
      "sdr_5": 0.24651162790697675,
      "sdr_10": 0.3689922480620155
    },
    "lm2": {
      "mean": 12.737778663635254,
      "std": 17.280128479003906,
      "p50": 4.781825065612793,
      "p90": 42.01762390136719,
      "max": 103.16702270507812,
      "sdr_2": 0.22170542635658916,
      "sdr_5": 0.5193798449612403,
      "sdr_10": 0.7023255813953488
    }
  }
}