{
  "checkpoint": "checkpoints\\finetune_rv_2ch_2026-05-13_18-23-17\\best_model.pth",
  "in_channels": 2,
  "seg_dir": "data/rv_landmark/test_seg_multi",
  "use_tta": true,
  "n_slices": 645,
  "mean_mre": 18.203081130981445,
  "std_mre": 11.979414939880371,
  "p50_mre": 18.703941345214844,
  "p90_mre": 31.606096267700195,
  "max_mre": 63.89082336425781,
  "sdr_2": 0.046511627906976744,
  "sdr_3": 0.11937984496124031,
  "sdr_5": 0.19844961240310077,
  "sdr_10": 0.2930232558139535,
  "per_landmark": {
    "lm1": {
      "mean": 25.91734504699707,
      "std": 21.732776641845703,
      "p50": 25.12818145751953,
      "p90": 51.084842681884766,
      "max": 104.19388580322266,
      "sdr_2": 0.09147286821705426,
      "sdr_5": 0.22790697674418606,
      "sdr_10": 0.3612403100775194
    },
    "lm2": {
      "mean": 10.488818168640137,
      "std": 15.187395095825195,
      "p50": 4.325395584106445,
      "p90": 37.599220275878906,
      "max": 98.17243194580078,
      "sdr_2": 0.22635658914728682,
      "sdr_5": 0.5519379844961241,
      "sdr_10": 0.7534883720930232
    }
  }
}