{
  "checkpoint": "checkpoints\\finetune_rv_2ch_2026-05-13_21-37-48\\best_model.pth",
  "in_channels": 2,
  "seg_dir": "data/rv_landmark/test_seg_multi",
  "use_tta": true,
  "n_slices": 645,
  "mean_mre": 19.581724166870117,
  "std_mre": 11.61011791229248,
  "p50_mre": 20.536453247070312,
  "p90_mre": 30.84226417541504,
  "max_mre": 74.9769287109375,
  "sdr_2": 0.05426356589147287,
  "sdr_3": 0.10387596899224806,
  "sdr_5": 0.14728682170542637,
  "sdr_10": 0.24031007751937986,
  "per_landmark": {
    "lm1": {
      "mean": 19.68108558654785,
      "std": 19.428625106811523,
      "p50": 10.93128490447998,
      "p90": 45.771549224853516,
      "max": 93.66658020019531,
      "sdr_2": 0.12093023255813953,
      "sdr_5": 0.324031007751938,
      "sdr_10": 0.4728682170542636
    },
    "lm2": {
      "mean": 19.482358932495117,
      "std": 21.662174224853516,
      "p50": 7.818145751953125,
      "p90": 48.95906066894531,
      "max": 103.88518524169922,
      "sdr_2": 0.16434108527131783,
      "sdr_5": 0.4046511627906977,
      "sdr_10": 0.5674418604651162
    }
  }
}