{
  "checkpoint": "checkpoints/acdc_2ch_2026-05-12_00-48-48/best_model.pth",
  "in_channels": 2,
  "seg_dir": "data/rv_landmark/test_seg_multi",
  "use_tta": true,
  "n_slices": 645,
  "mean_mre": 20.419677734375,
  "std_mre": 11.892598152160645,
  "p50_mre": 19.80684471130371,
  "p90_mre": 33.44202423095703,
  "max_mre": 77.77410125732422,
  "sdr_2": 0.023255813953488372,
  "sdr_3": 0.05426356589147287,
  "sdr_5": 0.10387596899224806,
  "sdr_10": 0.1813953488372093,
  "per_landmark": {
    "lm1": {
      "mean": 26.994197845458984,
      "std": 20.229389190673828,
      "p50": 27.10970115661621,
      "p90": 49.889888763427734,
      "max": 100.12410736083984,
      "sdr_2": 0.06821705426356589,
      "sdr_5": 0.1937984496124031,
      "sdr_10": 0.2806201550387597
    },
    "lm2": {
      "mean": 13.8451566696167,
      "std": 18.448680877685547,
      "p50": 5.5300421714782715,
      "p90": 43.71902084350586,
      "max": 111.10584259033203,
      "sdr_2": 0.12713178294573643,
      "sdr_5": 0.45891472868217054,
      "sdr_10": 0.6728682170542636
    }
  }
}