{
  "checkpoint": "checkpoints\\finetune_rv_2ch_2026-05-13_22-26-57\\best_model.pth",
  "in_channels": 2,
  "seg_dir": "data/rv_landmark/test_seg_multi",
  "use_tta": true,
  "n_slices": 645,
  "mean_mre": 19.835824966430664,
  "std_mre": 11.909597396850586,
  "p50_mre": 20.47239875793457,
  "p90_mre": 31.24745750427246,
  "max_mre": 75.53175354003906,
  "sdr_2": 0.05736434108527132,
  "sdr_3": 0.08837209302325581,
  "sdr_5": 0.14418604651162792,
  "sdr_10": 0.22635658914728682,
  "per_landmark": {
    "lm1": {
      "mean": 21.09128761291504,
      "std": 19.9958553314209,
      "p50": 12.06623363494873,
      "p90": 47.46476745605469,
      "max": 93.71888732910156,
      "sdr_2": 0.12248062015503876,
      "sdr_5": 0.3023255813953488,
      "sdr_10": 0.4558139534883721
    },
    "lm2": {
      "mean": 18.58036231994629,
      "std": 21.76285743713379,
      "p50": 7.334412574768066,
      "p90": 48.53892517089844,
      "max": 104.08170318603516,
      "sdr_2": 0.1937984496124031,
      "sdr_5": 0.4170542635658915,
      "sdr_10": 0.5875968992248062
    }
  }
}