{
  "checkpoint": "checkpoints/finetune_rv_1ch_2026-05-13_19-16-07/best_model.pth",
  "in_channels": 1,
  "seg_dir": null,
  "use_tta": true,
  "n_slices": 645,
  "mean_mre": 18.905790328979492,
  "std_mre": 11.864612579345703,
  "p50_mre": 19.382076263427734,
  "p90_mre": 30.97637176513672,
  "max_mre": 73.648681640625,
  "sdr_2": 0.046511627906976744,
  "sdr_3": 0.09612403100775194,
  "sdr_5": 0.16434108527131783,
  "sdr_10": 0.2651162790697674,
  "per_landmark": {
    "lm1": {
      "mean": 20.11988067626953,
      "std": 20.75861930847168,
      "p50": 10.375852584838867,
      "p90": 46.735469818115234,
      "max": 102.79222106933594,
      "sdr_2": 0.12093023255813953,
      "sdr_5": 0.33798449612403103,
      "sdr_10": 0.4930232558139535
    },
    "lm2": {
      "mean": 17.691696166992188,
      "std": 19.847148895263672,
      "p50": 7.056912899017334,
      "p90": 45.84247970581055,
      "max": 103.50183868408203,
      "sdr_2": 0.17364341085271318,
      "sdr_5": 0.4077519379844961,
      "sdr_10": 0.586046511627907
    }
  }
}